Stock,Date,Signal,Close,Volume,SMMA_20,SMMA_120,SMMA_DIFF,MOMENTUM_5D,MOMENTUM_10D,VOLATILITY_20D,RETURN_5D,Profitable
ITC.NS,2016-10-17,-1,231.6774139404297,6379993.0,238.45429663198075,238.62346753842561,-0.16917090644486166,1.3479361867312578,-2.0756980516475676,0.9328703773507063,-0.3117193062784941,0
ITC.NS,2017-01-25,1,255.65399169921875,18123606.0,235.47822754002854,235.1145759406609,0.3636515993676426,5.840142064048726,7.251055336470613,1.1169902876957225,3.31450460591577,1
ITC.NS,2017-09-29,-1,248.72100830078125,12640792.0,265.1117774008026,265.6512579346456,-0.5394805338430047,-3.7809649210522656,-4.084665355092887,1.2300896285719825,-3.755320493393324,0
ITC.NS,2018-05-02,1,276.597412109375,16690653.0,259.31865169029834,258.9959508906852,0.3227007996131306,4.076085926802042,7.343053516354714,1.044765703524973,-1.72324424088414,0
ITC.NS,2018-06-25,-1,252.86154174804688,14142177.0,259.94507331509396,260.0644125348185,-0.1193392197245089,-0.7371010608825945,-2.469821706383535,0.772952915262619,-0.17136615113603845,0
ITC.NS,2018-07-13,1,260.3722839355469,19306087.0,259.9844581707024,259.97466557050114,0.009792600201251389,-0.825235941527902,1.5777636311922416,1.2997782797308983,1.3313597157203003,1
ITC.NS,2018-12-14,-1,265.52386474609375,8925774.0,270.1952834603774,270.2390860281293,-0.04380256775186808,0.6203158141733223,-3.5164483722844753,1.2505233990673097,-0.3626495657928582,0
ITC.NS,2018-12-20,1,272.1679992675781,5155693.0,270.2866865420151,270.2515286314749,0.03515791054019246,2.6698131626959,3.515840182814811,1.1829763299490201,-0.14151639963262472,0
ITC.NS,2018-12-21,-1,266.4867858886719,7079146.0,270.0966915093479,270.22015577528487,-0.1234642659369456,0.3626495657928608,0.9852149525728215,1.2709040285492044,-1.7705539209359706,0
ITC.NS,2019-01-08,1,273.7086486816406,7768619.0,270.22858690829605,270.2190093614675,0.009577546828552386,0.5482861056383737,2.989122789893872,0.9567152854219952,4.327182252866438,1
ITC.NS,2019-02-12,-1,265.090576171875,7624089.0,270.6096277775155,270.6597435758225,-0.0501157983069902,0.4194815334948254,-1.1312584659998182,1.346929563884702,-0.19978154577546184,0
ITC.NS,2019-03-11,1,282.0860290527344,15287916.0,270.68882658747515,270.53607437136446,0.15275221611068446,5.301942095862255,6.799126740986505,0.9331251114845125,0.20480570180112395,1
ITC.NS,2019-06-24,-1,266.0053405761719,9279182.0,274.9021342950058,275.15709070081175,-0.2549564058059559,0.45454534977553696,-1.1274120465243676,1.020282554517518,0.4705922574328601,1
ITC.NS,2020-12-30,1,203.31954956054688,19654130.0,191.74732474692283,191.32136489190367,0.42595985501915834,3.8102221603807163,-1.1238624764065563,1.760269707847124,-2.7231805474774387,0
ITC.NS,2021-07-12,-1,193.6422576904297,13589278.0,197.98351962083487,198.08670710900893,-0.10318748817405776,-1.2521458654730089,-1.227897567484204,0.5177756785119997,-3.306809899878957,0
ITC.NS,2021-07-22,1,199.32345581054688,19016769.0,198.12860540230773,198.1010033221865,0.02760208012122689,1.42086992276933,1.5950900968900505,0.5981473452511288,-0.4589346500024267,0
ITC.NS,2024-03-07,-1,398.2135925292969,23907135.0,408.1569597726191,408.53840530409286,-0.381445531473787,1.7843969982616947,-0.21715888608304645,1.1300363003348368,-1.3420378777503872,0
ITC.NS,2024-04-10,1,420.7458190917969,14547618.0,408.38778852420273,408.30640075369104,0.08138777051169654,2.7634094258657704,2.174674759614925,1.4309963426139578,-2.7920796976920066,0
ITC.NS,2025-02-10,-1,427.20001220703125,12227140.0,445.93783007937617,446.34230395065237,-0.4044738712761955,-5.975568071258863,-1.8945917484732067,1.4290509736334427,4.353933888583697,1
NTPC.NS,2016-09-21,-1,128.3333282470703,3328227.0,131.65736838607737,131.76465486043557,-0.10728647435820449,-1.0918472084236464,-5.83920015324656,1.6005091376926197,0.8441519142904669,1
NTPC.NS,2016-12-07,1,135.9583282470703,3689476.0,130.8294947054624,130.67769655594918,0.1517981495132119,0.0,2.0644354870210435,1.845118456809938,0.24518064480287405,1
NTPC.NS,2017-05-26,-1,130.0,3186957.0,134.19471872900212,134.36978850774176,-0.17506977873964047,-1.9484563264668187,-1.7941454202077378,0.739972725374832,-4.230769230769231,0
NTPC.NS,2017-07-18,1,139.625,4280904.0,134.30708193041855,134.18835094518604,0.11873098523250292,2.6025757883430867,6.010760183728769,0.9481081392351707,-2.178457835580797,0
NTPC.NS,2018-02-20,-1,136.8333282470703,6225978.0,141.46483050724655,141.5037613522955,-0.03893084504895228,-0.42450708376069457,-1.233090004071824,0.7946929664946584,-0.8221681182589279,0
NTPC.NS,2018-04-18,1,148.7916717529297,4948994.0,141.40880931983804,141.15397650679154,0.2548328130465052,5.964391475348618,7.205043266429945,0.9994303480584353,-3.7524570025199946,0
NTPC.NS,2018-05-24,-1,137.5416717529297,2379879.0,141.1109508221273,141.25892005318173,-0.14796923105441806,-1.226806640625,-2.0474776706420617,1.1792102253720833,-1.5146887634263009,0
NTPC.NS,2018-09-25,1,141.6666717529297,6496965.0,137.87018665932044,137.7596367348487,0.11054992447174072,-1.3062408825970317,0.26540842453597335,1.209426288653787,-1.558830654051634,0
NTPC.NS,2018-10-12,-1,136.8333282470703,4147903.0,137.77003186823438,137.77099778585045,-0.0009659176160710103,0.7980318578786783,-2.2328074642927964,1.290148740253945,-0.39586244072908094,0
NTPC.NS,2019-04-12,1,135.9499969482422,7212573.0,129.29700550837873,129.1740421428591,0.12296336551963805,0.8531111798586677,0.14732740202003658,2.099438437848938,-1.6918007380562514,0
NTPC.NS,2019-08-05,-1,121.0,8713907.0,130.55193262305738,130.56291945549813,-0.01098683244075005,-4.948941791616724,-7.527707790646387,1.3447113982517167,3.1818169207612343,1
NTPC.NS,2021-01-12,1,100.1500015258789,24262426.0,97.36302053851945,97.31106898738466,0.051951551134791885,2.612708085680926,1.572011233006898,1.8177991091216976,-0.49925111570846986,0
NTPC.NS,2021-01-27,-1,91.30000305175781,22812859.0,97.22368405927743,97.32225550457746,-0.09857144530002415,-8.379325987217989,-8.836743224446419,1.6537887608918416,-6.188383031358065,0
NTPC.NS,2021-02-18,1,103.4000015258789,50705280.0,97.39611523163529,97.29006130432894,0.10605392730634833,6.26926853319445,4.391719677028205,2.169838841949611,4.4487412052598545,1
NTPC.NS,2025-01-06,-1,327.5,10538077.0,356.7461106506401,357.28347960480386,-0.5373689541637532,-1.1768237683500327,-1.7254313578394576,1.2273471213565792,8.946561158158397,1
NTPC.NS,2025-04-23,1,363.79998779296875,9719205.0,346.8272046320801,346.5294824666336,0.297722165446487,0.3586173221982847,3.8241992379837164,1.9061136618818753,-2.5426059126928804,0
NTPC.NS,2025-05-15,-1,341.95001220703125,43307763.0,346.5960959557101,346.6649303576227,-0.0688344019126248,0.5735330020680163,-3.5537938287266146,1.5033623906388172,0.16084757739791225,1
NTPC.NS,2026-01-29,1,358.1499938964844,20624409.0,337.924078771371,337.44778156782303,0.476297203547972,5.742539412004599,2.5923768647214684,1.835387865472192,2.471033436921831,1
NTPC.NS,2026-07-17,-1,341.8500061035156,7612446.0,359.15031720457904,359.2688630228823,-0.11854581830323241,-0.7836255362387301,-4.095947707538783,0.9766459275071545,-1.5650156524775927,0
POWERGRID.NS,2018-01-02,-1,112.92190551757812,4383705.0,114.77358648155787,114.83093142239238,-0.05734494083451125,-0.8397092984655186,0.4252138536843475,0.7018150498758898,-0.12453296758980874,0
POWERGRID.NS,2018-05-04,1,116.66252899169922,22466426.0,113.193554184192,113.12748180948901,0.06607237470298344,0.1932353538596665,-0.33637925695575444,0.839979222078458,-0.26518536064326187,0
POWERGRID.NS,2018-06-25,-1,109.2375259399414,8701812.0,113.57436027605742,113.62520478249137,-0.05084450643394689,-2.2401229654014365,-0.7664791244428648,1.2276263395189138,4.71163497143906,1
POWERGRID.NS,2019-04-03,1,113.0344009399414,15076661.0,108.17928938582203,108.00598640359333,0.1733029822287051,-0.9366511613476791,1.9791912311212467,1.723096024539851,-1.1445603616987312,0
POWERGRID.NS,2019-05-13,-1,102.74064636230469,5504435.0,107.85431708819144,108.07787948543735,-0.22356239724591376,-4.095566421282171,-4.646310927688823,0.9852080360455312,-2.9564794568297357,0
POWERGRID.NS,2019-06-20,1,113.0344009399414,11459458.0,108.01271148037546,107.87746969001604,0.13524179035941586,3.6626263208625387,2.8140182667192537,1.0788309948147512,3.3590437675848737,1
POWERGRID.NS,2019-11-18,-1,107.24065399169922,11766437.0,110.74742713039684,110.77479914694433,-0.027372016547488442,-0.5217843626758034,-3.3704995649136538,0.9961918864024999,-4.169939529377934,0
POWERGRID.NS,2019-11-25,1,111.7125244140625,6529113.0,110.778934023875,110.77761250961193,0.0013215142630684795,4.169939529377942,3.62639707430481,0.9733156503509055,-3.625372753507899,0
POWERGRID.NS,2019-11-26,-1,109.35002899169922,21594044.0,110.7074887722662,110.765715980296,-0.0582272080297912,-0.537218893278002,1.3820131881887132,1.0721684771673987,2.5720157789930695,1
POWERGRID.NS,2020-11-20,1,107.9156494140625,27479934.0,99.62629789268645,99.29595469850496,0.33034319418149494,1.5885619859782762,7.509102731560535,1.440934461974102,0.2866864808918098,1
POWERGRID.NS,2025-02-04,-1,285.6499938964844,19836427.0,302.78135671143934,303.1464615146683,-0.36510480322897365,-0.7642911795666563,-3.999325956875599,2.0530733080200694,8.471899949776601,1
POWERGRID.NS,2025-05-06,1,307.6000061035156,9124804.0,296.3131049987388,296.0397358042707,0.2733691944681027,-0.3078858295371356,-3.8749980926513716,1.9752482038299313,-2.9746403494560263,0
POWERGRID.NS,2025-06-04,-1,288.54998779296875,8580196.0,295.90503561139417,296.2047678793757,-0.29973226798153974,-0.8930125907679165,-2.5662692082215943,1.693611215091976,-2.391275240327921,0
POWERGRID.NS,2025-06-10,1,301.04998779296875,7273892.0,296.30485443825916,296.26143697752065,0.04341746073851027,4.440585530951857,2.2067561600337404,1.3009498975522205,-4.152134365338761,0
POWERGRID.NS,2025-06-12,-1,289.0,14071159.0,295.89900671036287,296.194219478563,-0.29521276820014464,-1.7841971112999122,-1.3988420396237045,1.4064474094902266,0.8823487172902249,1
POWERGRID.NS,2025-07-24,1,299.3500061035156,6294709.0,295.9463592860393,295.89227075949617,0.05408852654312568,0.9271746269082115,0.03341891512635975,0.6748732643783615,-2.7893789655137615,0
POWERGRID.NS,2025-07-25,-1,292.1000061035156,8202572.0,295.75404162691314,295.8606685540297,-0.10662692711656518,-0.6969192029594895,-2.1604360921715693,0.7471145009207605,0.2909983176153705,1
POWERGRID.NS,2026-02-26,1,303.25,14249515.0,283.7673551743638,283.1418481412065,0.6255070331573052,2.9187192539148477,3.1813563449099025,2.1640190230162286,-1.3520217983563478,0
POWERGRID.NS,2026-07-08,-1,279.70001220703125,7306244.0,290.382469645102,290.5252649968215,-0.1427953517194851,-2.7299516324755912,-3.850114102593827,0.8683301916573424,-0.35752590502563497,0
ONGC.NS,2017-06-08,-1,170.5500030517578,5798852.0,180.00653815685322,180.0971619141581,-0.0906237573048827,-1.982756866805857,-2.067178277862247,1.1217113919702695,1.9935556109263841,1
ONGC.NS,2017-11-01,1,191.0,5341109.0,172.87856686486057,172.6088321669755,0.2697346978850703,8.001127174517574,11.5654225494781,1.3949582200582578,0.8115199223862893,1
ONGC.NS,2018-05-30,-1,174.0,12554659.0,181.13809668590832,181.18272099285312,-0.044624306944797354,-0.7981721466367886,-6.552092990438341,2.191498533498636,2.126435027725395,1
ONGC.NS,2019-05-06,1,170.14999389648438,18962836.0,159.13934833435488,158.82618360579335,0.31316472856153155,0.7699068676205956,6.045495252562216,1.3490081560015865,-3.555679112541981,0
ONGC.NS,2019-07-18,-1,143.39999389648438,15971004.0,160.8233325836545,161.0096486002663,-0.18631601661181207,-6.335736002827308,-14.183130665087763,2.311503888330201,-0.31381605731175877,0
ONGC.NS,2021-01-07,1,97.9000015258789,25285200.0,88.80772830083404,88.47696761877296,0.3307606820610829,5.2122496669058105,7.819381316621721,3.135385266580179,7.303372231295495,1
ONGC.NS,2022-07-06,-1,120.94999694824219,59092334.0,147.17965154024049,147.79418438913524,-0.6145328488947541,-21.53746238260432,-10.307755673813833,4.246417592897923,-2.893757824150873,0
ONGC.NS,2022-12-20,1,145.85000610351562,6714207.0,140.47736446640027,140.33634627752528,0.14101818887499462,1.0391409328547763,2.3868088649442454,1.1461508344514748,-0.7199197859563907,0
ONGC.NS,2024-12-04,-1,260.70001220703125,10713838.0,265.8735865079257,265.9489325364203,-0.07534602849455041,2.5167161142231054,5.1209726641255005,1.6976838844409023,1.5726911820240588,1
ONGC.NS,2025-11-04,1,252.35000610351562,6006851.0,246.32812696242812,246.11064365213343,0.21748331029468204,0.7224446658764316,1.451314839040152,1.0570785330640844,0.5944125079135881,1
ONGC.NS,2025-12-05,-1,241.22999572753906,7645591.0,246.0409097169911,246.22813103496833,-0.18722131797721886,-0.8304231335913403,-2.3162588748288027,0.873817469882629,1.3306767449864316,1
ONGC.NS,2026-01-30,1,268.9599914550781,24420043.0,245.64498647822248,245.06606888054213,0.5789175976803449,10.224989758582703,8.351124394447718,2.456223000802724,-0.003710309474984401,0
ONGC.NS,2026-06-29,-1,234.0500030517578,38227413.0,260.2680170066304,260.7470018393757,-0.47898483274531145,-4.644528025351036,-3.940074321859066,1.2964666627093189,-4.208498490191575,0
COALINDIA.NS,2018-01-15,1,305.8999938964844,2643125.0,279.2425498972844,278.69477318191247,0.5477767153719242,6.418500923967541,14.719670316301281,1.6419234248069463,-6.815955057054104,0
COALINDIA.NS,2018-05-08,-1,268.1499938964844,3920562.0,283.52207988136837,283.70245883495016,-0.18037895358179412,-5.9122828433388115,-7.470667635759531,1.3150863255377656,1.7341018095564236,1
COALINDIA.NS,2018-09-07,1,286.54998779296875,2997117.0,279.8705117168745,279.70090880987897,0.1696029069955216,0.20981834597828541,-1.5292138168492286,1.4373214610311003,-4.048150786981864,0
COALINDIA.NS,2018-09-18,-1,273.20001220703125,6420009.0,279.3825788026568,279.6298220105727,-0.2472432079159148,-2.288982030320452,-5.023459758755699,1.503641879121514,0.2379298627446293,1
COALINDIA.NS,2019-06-27,1,259.3999938964844,13174124.0,252.8609799721278,252.85881830999392,0.002161662133886466,-0.36489809285947805,1.486693154236396,1.400625350472195,-3.199686965405607,0
COALINDIA.NS,2019-07-01,-1,249.25,4839632.0,252.72503456980382,252.83652267020716,-0.11148810040333501,-2.921129503407982,-2.369762232447481,1.5361557566458237,6.760283291280091,1
COALINDIA.NS,2021-03-10,1,150.9499969482422,10788943.0,143.0178747914765,142.96091737165386,0.05695741982262348,-2.550030409221238,4.5360133854668305,2.669337159594816,-9.208343277575826,0
COALINDIA.NS,2021-03-19,-1,136.3000030517578,33294812.0,142.81811325314834,142.94532465673217,-0.12721140358382854,-9.435213919097796,-10.3584345175177,2.7513770690056365,4.915624943675143,1
COALINDIA.NS,2021-06-01,1,147.60000610351562,9307143.0,141.27389469644282,141.0259473462817,0.24794735016112668,0.1017356109719536,0.7852572067173602,2.7475875681282123,5.6910525400610394,1
COALINDIA.NS,2021-08-25,-1,138.85000610351562,7817617.0,142.92444471872693,142.9543008446494,-0.029856125922464116,-0.28724875869613475,-2.3558304617586567,1.214175741339245,-3.8530720990664062,0
COALINDIA.NS,2021-09-06,1,146.35000610351562,9712271.0,143.04146551953042,142.95883850583195,0.08262701369847036,1.915041701333653,9.257192562732763,1.7386482115887818,5.705494018784314,1
COALINDIA.NS,2024-12-05,-1,418.3999938964844,9500273.0,439.1114745151568,439.26528196175155,-0.15380744659478296,0.7707084767274885,3.054185688789257,1.2252208559441506,2.2227504609547495,1
COALINDIA.NS,2026-01-06,1,427.04998779296875,6308113.0,393.50458963295284,392.96722406321857,0.537365569734277,7.298991907781094,10.563103635720061,1.7146011035103843,0.4332059844039842,1
